CREATE TABLE `nereo`.`web_users` (
  `id` INT(11) NOT NULL AUTO_INCREMENT,
  `username` VARCHAR(45) NOT NULL,
  `email` VARCHAR(200) NOT NULL,
  `password` VARCHAR(200) NOT NULL,
  `name` VARCHAR(100) NOT NULL,
  `token` VARCHAR(200) NULL,
  PRIMARY KEY (`id`),
  UNIQUE INDEX `email_UNIQUE` (`email` ASC));
  
INSERT INTO web_users(username, email, password, name) VALUES('admin','admin@everis.com','c93ccd78b2076528346216b3b2f701e6','Admin');
  
CREATE TABLE `nereo`.`routes_data` (
  `id` INT NOT NULL AUTO_INCREMENT,
  `route_name` VARCHAR(100) NOT NULL,
  `location` MULTIPOINT NOT NULL,
  `route_type` VARCHAR(100) NOT NULL,
  `distance` FLOAT(4) NOT NULL,
  `difficulty` VARCHAR(100) NOT NULL,
  `positive_slope` FLOAT(4) NOT NULL,
  `negative_slope` FLOAT(4) NOT NULL,
  `max_height` FLOAT(4) NOT NULL,
  `min_height` FLOAT(4) NOT NULL,
  `route_time` FLOAT(4) NOT NULL,
  `url` VARCHAR(10000) NOT NULL,
  PRIMARY KEY (`id`));

SET @route_location_1 = ST_GeomFromText('MULTIPOINT(-0.110317 38.536301,
-0.110253 38.535754,
-0.110425 38.535779,
-0.110296 38.535898,
-0.110118 38.535546,
-0.110480 38.534509,
-0.107758 38.533083,
-0.107546 38.532799,
-0.107546 38.532443,
-0.106518 38.532027,
-0.106556 38.531573,
-0.107198 38.530551,
-0.107874 38.529834,
-0.108061 38.529139,
-0.107813 38.529109,
-0.107023 38.529451,
-0.106340 38.530197,
-0.106084 38.530163,
-0.105900 38.529863,
-0.105957 38.530399,
-0.106150 38.530572,
-0.105881 38.530744,
-0.105651 38.530692,
-0.105490 38.530365,
-0.105106 38.530833,
-0.105184 38.530089,
-0.103866 38.529727,
-0.103320 38.530412,
-0.103082 38.531073,
-0.102359 38.531532,
-0.101392 38.531840,
-0.100978 38.531711,
-0.100925 38.531304,
-0.100813 38.531273,
-0.100221 38.531373,
-0.098864 38.531914,
-0.097922 38.531916,
-0.097760 38.531764,
-0.097674 38.531316,
-0.096702 38.530822,
-0.096693 38.530233,
-0.096572 38.530015,
-0.096304 38.529978,
-0.096023 38.530702,
-0.096606 38.531484,
-0.096668 38.531790,
-0.095967 38.532100,
-0.096560 38.531885,
-0.096686 38.531664,
-0.096023 38.530691,
-0.096345 38.529954,
-0.096540 38.529958,
-0.096741 38.530319,
-0.096722 38.530836,
-0.097685 38.531335,
-0.097720 38.531683,
-0.097904 38.531905,
-0.098432 38.532004,
-0.100366 38.531326,
-0.100894 38.531263,
-0.100980 38.531713,
-0.101371 38.531842,
-0.102603 38.531404,
-0.103065 38.531105,
-0.103262 38.530529,
-0.103887 38.529716,
-0.105100 38.530061,
-0.105280 38.530231,
-0.105292 38.530578,
-0.105125 38.530846,
-0.105167 38.530399,
-0.105535 38.530410,
-0.105810 38.530756,
-0.106165 38.530598,
-0.105949 38.530360,
-0.105975 38.529986,
-0.105587 38.529314,
-0.104825 38.529229,
-0.104667 38.529156,
-0.104650 38.528912,
-0.104442 38.529109,
-0.103983 38.529091,
-0.103673 38.529242,
-0.102707 38.530419,
-0.102203 38.530194,
-0.100169 38.530536,
-0.100100 38.530424,
-0.100632 38.529995,
-0.100758 38.529533,
-0.101586 38.529218,
-0.101393 38.528687,
-0.102276 38.527875,
-0.102343 38.527605,
-0.102052 38.527348,
-0.101948 38.526952,
-0.101609 38.526865,
-0.099567 38.527175,
-0.099385 38.527046,
-0.099531 38.526549,
-0.099341 38.526340,
-0.097000 38.525832,
-0.096531 38.525325,
-0.096921 38.525049,
-0.096409 38.525362,
-0.097657 38.525973,
-0.099395 38.526381,
-0.099532 38.526594,
-0.099401 38.526992,
-0.099587 38.527191,
-0.101578 38.526873,
-0.101969 38.526981,
-0.102329 38.527809,
-0.101370 38.528736,
-0.101575 38.529263,
-0.100783 38.529539,
-0.100668 38.529946,
-0.100129 38.530415,
-0.100227 38.530559,
-0.102206 38.530186,
-0.102671 38.530443,
-0.103605 38.529264,
-0.104356 38.528893,
-0.104628 38.528988,
-0.104735 38.529224,
-0.105576 38.529300,
-0.105776 38.529554,
-0.105925 38.530212,
-0.106357 38.530215,
-0.107052 38.529589,
-0.107959 38.529158,
-0.107992 38.529566,
-0.107087 38.530756,
-0.106516 38.532057,
-0.106673 38.532244,
-0.107546 38.532475,
-0.107546 38.532759,
-0.107803 38.533108,
-0.110657 38.534605,
-0.118900 38.535709,
-0.124439 38.535925,
-0.125688 38.535840,
-0.129883 38.534846,
-0.129755 38.535039,
-0.130119 38.535061,
-0.130716 38.534351,
-0.130942 38.534502,
-0.131014 38.535017,
-0.131595 38.536360,
-0.135168 38.537070,
-0.137478 38.537130,
-0.137780 38.537250,
-0.145745 38.537185,
-0.151218 38.536282,
-0.151612 38.535784,
-0.153732 38.535075,
-0.155469 38.533842,
-0.159355 38.531746,
-0.162180 38.528295,
-0.162638 38.527383,
-0.162502 38.527351,
-0.162605 38.527527,
-0.162209 38.528260,
-0.159880 38.531175,
-0.159084 38.531925,
-0.155435 38.533860,
-0.153515 38.535191,
-0.151630 38.535777,
-0.151212 38.536284,
-0.147211 38.537006,
-0.145893 38.537143,
-0.137694 38.537228,
-0.137354 38.537099,
-0.135494 38.537079,
-0.131617 38.536386,
-0.131246 38.535446,
-0.130507 38.535324,
-0.130173 38.535132,
-0.126086 38.537142,
-0.120541 38.536931,
-0.110078 38.535640,
-0.109496 38.535425,
-0.109605 38.535186)');

SET @route_location_2 = ST_GeomFromText('MULTIPOINT(-0.109652 38.535170,
-0.109543 38.535267,
-0.109885 38.535168,
-0.109552 38.535424,
-0.109641 38.535572,
-0.109870 38.535657,
-0.109918 38.535675,
-0.110105 38.535575,
-0.110550 38.534546,
-0.110431 38.534171,
-0.110688 38.534189,
-0.110927 38.534189,
-0.111257 38.534239,
-0.111422 38.534151,
-0.111438 38.534095,
-0.111717 38.534199,
-0.112016 38.534317,
-0.112342 38.534438,
-0.112798 38.534565,
-0.113408 38.534911,
-0.116365 38.535340,
-0.116572 38.535217,
-0.116967 38.535428,
-0.123382 38.535876,
-0.124181 38.535685,
-0.124552 38.535802,
-0.124962 38.535864,
-0.125320 38.535852,
-0.126706 38.535500,
-0.129348 38.535020,
-0.129913 38.534865,
-0.130029 38.534936,
-0.130100 38.534979,
-0.130119 38.535061,
-0.130603 38.534566,
-0.130708 38.534429,
-0.130742 38.534318,
-0.130759 38.534288,
-0.131055 38.534042,
-0.131129 38.533950,
-0.131106 38.534044,
-0.131152 38.534186,
-0.131319 38.534350,
-0.131951 38.534994,
-0.132355 38.535042,
-0.132518 38.536052,
-0.132494 38.536172,
-0.131973 38.536302,
-0.132103 38.536429,
-0.132308 38.536499,
-0.132675 38.536555,
-0.133349 38.536639,
-0.133998 38.536787,
-0.135201 38.537078,
-0.135558 38.537128,
-0.145210 38.537147,
-0.145789 38.537144,
-0.146018 38.537142,
-0.151221 38.536324,
-0.151448 38.535971,
-0.151582 38.535811,
-0.153616 38.535153,
-0.154620 38.534455,
-0.155631 38.533756,
-0.158072 38.532462,
-0.158811 38.532070,
-0.159499 38.531602,
-0.162328 38.528112,
-0.162649 38.527336,
-0.161932 38.526892,
-0.161858 38.526855,
-0.161657 38.526753,
-0.161505 38.526649,
-0.161312 38.526517,
-0.160819 38.526016,
-0.160593 38.525777,
-0.160701 38.525892,
-0.161611 38.526722,
-0.162349 38.527100,
-0.162474 38.527163,
-0.162560 38.527241,
-0.162169 38.528125,
-0.161697 38.528739,
-0.159461 38.531583,
-0.158656 38.532107,
-0.154890 38.534190,
-0.153885 38.534909,
-0.153426 38.535187,
-0.152625 38.535446,
-0.151580 38.535762,
-0.151362 38.536048,
-0.151380 38.536181,
-0.151729 38.536207,
-0.152391 38.536105,
-0.152778 38.536005,
-0.152780 38.536005,
-0.152775 38.536135,
-0.152236 38.536108,
-0.146916 38.537059,
-0.146652 38.537091,
-0.146517 38.537102,
-0.136596 38.537091,
-0.134710 38.536903,
-0.132718 38.536493,
-0.132630 38.536477,
-0.132051 38.536517,
-0.132037 38.536521,
-0.132308 38.536499,
-0.131937 38.536330,
-0.131854 38.536021,
-0.131832 38.535989,
-0.132136 38.535812,
-0.131676 38.535490,
-0.131639 38.535387,
-0.131559 38.535148,
-0.131511 38.534782,
-0.131324 38.534804,
-0.131395 38.535005,
-0.131452 38.535206,
-0.131244 38.535265,
-0.131019 38.535233,
-0.130776 38.535010,
-0.130501 38.535201,
-0.130327 38.535069,
-0.130162 38.535018,
-0.130116 38.534990,
-0.129753 38.534886,
-0.128636 38.535184,
-0.128367 38.535239,
-0.127413 38.535447,
-0.124883 38.535917,
-0.119142 38.535705,
-0.116040 38.535297,
-0.113444 38.534944,
-0.113355 38.534967,
-0.113268 38.535437,
-0.113212 38.535738,
-0.113088 38.536082,
-0.110365 38.535682,
-0.110272 38.535669,
-0.109497 38.535425,
-0.109689 38.535132)');

SET @route_location_3 = ST_GeomFromText('MULTIPOINT(-0.163110 38.532467,
-0.164570 38.532073,
-0.164355 38.531502,
-0.164076 38.531200,
-0.163647 38.531116,
-0.163400 38.530579,
-0.162939 38.530713,
-0.162606 38.531368,
-0.163239 38.533097,
-0.162928 38.535164,
-0.162542 38.536087,
-0.161211 38.536910,
-0.159795 38.537262,
-0.158722 38.537430,
-0.158722 38.538001,
-0.158293 38.538219,
-0.157993 38.537883,
-0.156877 38.538756,
-0.155289 38.539864,
-0.154109 38.540166,
-0.153830 38.540468,
-0.153337 38.540350,
-0.151920 38.540367,
-0.150976 38.542415,
-0.150676 38.542482,
-0.151598 38.540518,
-0.151620 38.540367,
-0.149689 38.540485,
-0.147350 38.540619,
-0.147007 38.540636,
-0.146685 38.540837,
-0.145977 38.540652,
-0.143766 38.540619,
-0.141492 38.540585,
-0.139282 38.540099,
-0.138531 38.540031,
-0.137436 38.540300,
-0.136299 38.540619,
-0.135527 38.540854,
-0.135194 38.540834,
-0.134743 38.540658,
-0.133542 38.542227,
-0.132673 38.543251,
-0.132565 38.543592,
-0.132195 38.543735,
-0.131546 38.543954,
-0.130795 38.544091,
-0.130425 38.544121,
-0.130270 38.544738,
-0.129910 38.544933,
-0.129159 38.545005,
-0.127759 38.545378,
-0.125640 38.545972,
-0.123854 38.546648,
-0.122770 38.547022,
-0.122588 38.546541,
-0.122464 38.546535,
-0.122545 38.546441,
-0.122185 38.545812,
-0.121692 38.544975,
-0.121670 38.544714,
-0.121692 38.544358,
-0.121563 38.544310,
-0.121751 38.544239,
-0.122051 38.543782,
-0.122775 38.543367,
-0.122218 38.542311,
-0.122142 38.542127,
-0.122250 38.541967,
-0.121279 38.541178,
-0.120356 38.541883,
-0.119541 38.541824,
-0.117223 38.541506,
-0.114756 38.541254,
-0.113286 38.539659,
-0.112331 38.538560,
-0.111988 38.538619,
-0.112524 38.538443,
-0.112942 38.538149,
-0.113136 38.536093,
-0.113393 38.534951,
-0.112814 38.534884,
-0.112696 38.534935,
-0.112685 38.534851,
-0.110539 38.534549,
-0.110110 38.535724,
-0.107793 38.534851,
-0.107363 38.534641,
-0.107321 38.534549,
-0.107192 38.534532,
-0.107009 38.534582,
-0.105089 38.534062,
-0.104284 38.533793,
-0.103930 38.533818,
-0.102965 38.535539,
-0.102063 38.535061,
-0.099735 38.535950,
-0.099499 38.535917,
-0.099843 38.535220,
-0.099671 38.534666,
-0.099381 38.534314,
-0.099081 38.534062,
-0.099360 38.533860,
-0.099038 38.533928)');

INSERT INTO routes_data(route_name, location, route_type, distance, difficulty, positive_slope, negative_slope, max_height, min_height, route_time, url) 
VALUES ('Ruta Bancos Benidorm Te Espera', @route_location_1, 'walking', 20330, "medium", 925, 925, 215, -3, 133, 'https://es.wikiloc.com/rutas-a-pie/ruta-bancos-benidorm-te-espera-56819631'),
('Ruta Cine Cuentame como paso', @route_location_2, 'bike', 12110, 'easy', 197, 197, 32, -1, 120, 'https://es.wikiloc.com/rutas-bicicleta-electrica/ruta-cine-cuentame-como-paso-65021843'),
('Benidorm los 10 rascacielos mas altos', @route_location_3, 'walking', 9660, 'easy', 175, 113, 97, 7, 180, 'https://es.wikiloc.com/rutas-a-pie/benidorm-los-10-rascacielos-mas-altos-17025023');

CREATE TABLE `nereo`.`weather_icons` (
  `id` INT NOT NULL AUTO_INCREMENT,
  `icon_reference` VARCHAR(5) NOT NULL,
  `sky_state` VARCHAR(100) NOT NULL,
  `icon_url` VARCHAR(200) NOT NULL,
  PRIMARY KEY (`id`));
  
INSERT INTO weather_icons(icon_reference, sky_state, icon_url)
VALUES ('11', 'despejado', 'weather_icons/11.png'),
('11n', 'despejado noche', 'weather_icons/11n.png'),
('12', 'poco nuboso', 'weather_icons/12.png'),
('12n', 'poco nuboso noche', 'weather_icons/12n.png'),
('13', 'intervalos nubosos', 'weather_icons/13.png'),
('13n', 'intervalos nubosos noche', 'weather_icons/13n.png'),
('14', 'nuboso', 'weather_icons/14.png'),
('14n', 'nuboso noche', 'weather_icons/14n.png'),
('15', 'muy nuboso', 'weather_icons/15.png'),
('15n', 'muy nuboso noche', 'weather_icons15n.png'),
('16', 'cubierto', 'weather_icons/16.png'),
('16n', 'cubierto noche', 'weather_icons/16.png'),
('17', 'nubes altas', 'weather_icons/17.png'),
('17n', 'nubes altas noche', 'weather_icons/17n.png'),
('23', 'intervalos nubosos con lluvia', 'weather_icons/23.png'),
('23n', 'intervalos nubosos con lluvia noche', 'weather_icons/23n.png'),
('24', 'nuboso con lluvia', 'weather_icons/24.png'),
('24n', 'nuboso con lluvia noche', 'weather_icons/24n.png'),
('25', 'muy nuboso con lluvia', 'weather_icons/25.png'),
('25n', 'muy nuboso con lluvia noche', 'weather_icons/25.png'),
('26', 'cubierto con lluvia', 'weather_icons/26.png'),
('26n', 'cubierto con lluvia noche', 'weather_icons/26.png'),
('33', 'intervalos nubosos con nieve', 'weather_icons/33.png'),
('33n', 'intervalos nubosos con nieve noche', 'weather_icons/33n.png'),
('34', 'nuboso con nieve', 'weather_icons/34.png'),
('34n', 'nuboso con nieve noche', 'weather_icons/34n.png'),
('35', 'muy nuboso con nieve', 'weather_icons/35.png'),
('35n', 'muy nuboso con nieve noche', 'weather_icons/35.png'),
('36', 'cubierto con nieve', 'weather_icons/36.png'),
('36n', 'cubierto con nieve noche', 'weather_icons/36.png'),
('43', 'intervalos nubosos con lluvia escasa', 'weather_icons/43.png'),
('43n', 'intervalos nubosos con lluvia escasa noche', 'weather_icons/43n.png'),
('44', 'nuboso con lluvia escasa', 'weather_icons/44.png'),
('44n', 'nuboso con lluvia escasa noche', 'weather_icons/44n.png'),
('45', 'muy nuboso con lluvia escasa', 'weather_icons/45.png'),
('45n', 'muy nuboso con lluvia escasa noche', 'weather_icons/45.png'),
('46', 'cubierto con lluvia escasa', 'weather_icons/46.png'),
('46n', 'cubierto con lluvia escasa noche', 'weather_icons/46.png'),
('51', 'intervalos nubosos con tormenta', 'weather_icons/51.png'),
('51n', 'intervalos nubosos con tormenta noche', 'weather_icons/51n.png'),
('52', 'nuboso con tormenta', 'weather_icons/52.png'),
('52n', 'nuboso con tormenta noche', 'weather_icons/52n.png'),
('53', 'muy nuboso con tormenta', 'weather_icons/53.png'),
('53n', 'muy nuboso con tormenta noche', 'weather_icons/53.png'),
('54', 'cubierto con tormenta', 'weather_icons/54.png'),
('54n', 'cubierto con tormenta noche', 'weather_icons/54.png'),
('61', 'intervalos nubosos con tormenta y lluvia escasa', 'weather_icons/61.png'),
('61n', 'intervalos nubosos con tormenta y lluvia escasa noche', 'weather_icons/61n.png'),
('62', 'nuboso con tormenta y lluvia escasa', 'weather_icons/62.png'),
('62n', 'nuboso con tormenta y lluvia escasa noche', 'weather_icons/62n.png'),
('63', 'muy nuboso con tormenta y lluvia escasa', 'weather_icons/63.png'),
('63n', 'muy nuboso con tormenta y lluvia escasa noche', 'weather_icons/63.png'),
('64', 'cubierto con tormenta y lluvia escasa', 'weather_icons/64.png'),
('64n', 'cubierto con tormenta y lluvia escasa noche', 'weather_icons/64.png'),
('71', 'intervalos nubosos con nieve escasa', 'weather_icons/71.png'),
('71n', 'intervalos nubosos con nieve escasa noche', 'weather_icons/71n.png'),
('72', 'nuboso con nieve escasa', 'weather_icons/72.png'),
('72n', 'nuboso con nieve escasa noche', 'weather_icons/72n.png'),
('73', 'muy nuboso con nieve escasa', 'weather_icons/73.png'),
('73n', 'muy nuboso con nieve escasa noche', 'weather_icons/73.png'),
('74', 'cubierto con nieve escasa', 'weather_icons/74.png'),
('74n', 'cubierto con nieve escasa noche', 'weather_icons/74.png'),
('81', 'niebla', 'weather_icons/81.png'),
('82', 'bruma', 'weather_icons/82.png'),
('83', 'calima', 'weather_icons/83.png');
  
 CREATE TABLE `nereo`.`users` (
  `id` int(11) NOT NULL AUTO_INCREMENT,
  `username` varchar(45) NOT NULL,
  `email` varchar(200) NOT NULL,
  `name` varchar(100) NOT NULL,
  `password` varchar(200) NOT NULL,
  `beach_position` int(2) DEFAULT NULL,
  `bikelane_position` int(2) DEFAULT NULL,
  `walking_route_position` int(2) DEFAULT NULL,
  `preferences` tinyint(1) NOT NULL DEFAULT '0',
  PRIMARY KEY (`id`),
  UNIQUE KEY `email_UNIQUE` (`email`));
  
INSERT INTO `nereo`.`users` VALUES 
(1,'arnauinfante','arnau.infante.pinos@everis.com','Arnau Infante','abc1234',0,1,2,1),
(2,'mfajusol','marc.fajula.soldevila@everis.com','Marc Fajula','cat123',0,2,1,0);

CREATE TABLE `nereo`.`subcategory` (
  `id` INT NOT NULL AUTO_INCREMENT,
  `value` varchar(100) CHARACTER SET utf8 NOT NULL,
  UNIQUE KEY `value_UNIQUE` (`value`),
  PRIMARY KEY (`id`));
  
INSERT INTO `nereo`.`subcategory` VALUES
(1, "trafficJam"),
(2, "carAccident"),
(3, "carWrongDirection"),
(4, "carStopped"),
(5, "fertilisation"),
(6, "pothole"),
(7, "roadClosed"),
(8, "roadWorks"),
(9, "hazardOnRoad"),
(10, "injuredBiker"),
(11, "flood"),
(12, "tsunami"),
(13, "coastalEvent"),
(14, "earthquake"),
(15, "rainfall"),
(16, "highTemperature"),
(17, "lowTemperature"),
(18, "heatWave"),
(19, "coldWave"),
(20, "ice"),
(21, "snow"),
(22, "wind"),
(23, "fog"),
(24, "tornado"),
(25, "tropicalCyclone"),
(26, "hurricane"),
(27, "snow/ice"),
(28, "thunderstorms"),
(29, "fireRisk"),
(30, "avalancheRisk"),
(31, "floodRisk"),
(32, "airPollution"),
(33, "waterPollution"),
(34, "pollenConcentration"),
(35, "asthmaAttack"),
(36, "bumpedPatient"),
(37, "fallenPatient"),
(38, "heartAttack"),
(39, "suspiciousAction"),
(40, "robbery"),
(41, "assault"),
(42, "civilDisorder"),
(43, "buildingFire"),
(44, "forestFire"),
(45, "noxiousWeed"),
(46, "snail"),
(47, "insect"),
(48, "rodent"),
(49, "bacteria"),
(50, "microbe"),
(51, "fungus"),
(52, "mite"),
(53, "virus"),
(54, "nematodes"),
(55, "irrigation"),
(56, "lowHumidity"),
(57, "highHumidity"),
(58, "crowdRisk"),
(59, "highAtmosphericPressure"),
(60, "lowAtmosphericPressure"),
(61, "badSeaState");

CREATE TABLE `nereo`.`category` (
  `id` INT NOT NULL AUTO_INCREMENT,
  `value` varchar(100) CHARACTER SET utf8 NOT NULL,
  UNIQUE KEY `value_UNIQUE` (`value`),
  PRIMARY KEY (`id`));
 
INSERT INTO `nereo`.`category` VALUES
(1, "traffic"),
(2, "naturalDisaster"),
(3, "weather"),
(4, "environment"),
(5, "health"),
(6, "security"),
(7, "agriculture");

CREATE TABLE `nereo`.`severity` (
  `id` INT NOT NULL AUTO_INCREMENT,
  `value` varchar(100) CHARACTER SET utf8 NOT NULL,
  UNIQUE KEY `value_UNIQUE` (`value`),
  PRIMARY KEY (`id`));

INSERT INTO `nereo`.`severity` VALUES
(1, "informational"),
(2, "low"),
(3, "medium"),
(4, "high"),
(5, "critical");

CREATE TABLE `nereo`.`relational` (
  `id` INT NOT NULL AUTO_INCREMENT,
  `id_category` INT NOT NULL,
  `id_subcategory` INT NOT NULL,
  FOREIGN KEY (id_category) references category(id),
  FOREIGN KEY (id_subcategory) references subcategory(id),
  PRIMARY KEY (`id`));

INSERT INTO `nereo`.`relational` (id, id_subcategory, id_category) VALUES
(1,1,1),
(2,2,1),
(3,3,1),
(4,4,1),
(5,5,7),
(6,6,1),
(7,7,1),
(8,8,1),
(9,9,1),
(10,10,1),
(11,11,2),
(12,12,2),
(13,13,2),
(14,14,2),
(15,15,3),
(16,16,3),
(17,17,3),
(18,18,3),
(19,19,3),
(20,20,3),
(21,21,3),
(22,22,3),
(23,23,3),
(24,24,2),
(25,25,2),
(26,26,2),
(27,27,3),
(28,28,3),
(29,29,4),
(30,30,2),
(31,31,2),
(32,32,5),
(33,32,4),
(34,33,5),
(35,33,4),
(36,34,5),
(37,34,4),
(38,35,5),
(39,36,5),
(40,37,5),
(41,38,5),
(42,39,6),
(43,40,6),
(44,41,6),
(45,42,6),
(46,43,4),
(47,44,4),
(48,45,4),
(49,46,4),
(50,47,5),
(51,48,5),
(52,49,5),
(53,50,5),
(54,51,5),
(55,52,5),
(56,53,5),
(57,54,5),
(58,55,7),
(59,56,3),
(60,57,3),
(61,58,5),
(62,59,3),
(63,60,3),
(64,61,3);

CREATE TABLE `nereo`.`rules` (
  `id` INT NOT NULL AUTO_INCREMENT,
  `rule_name` VARCHAR(100) NOT NULL,
  `service_name` VARCHAR(100) NOT NULL,
  `entity_type` VARCHAR(100) NOT NULL,
  `attribute_name` VARCHAR(25) NOT NULL,
  `operator` VARCHAR(15) NOT NULL, 
  `threshold` INT NOT NULL,
  `value_category` varchar(100) CHARACTER SET utf8 NOT NULL,
  `value_subcategory` varchar(100) CHARACTER SET utf8 NOT NULL,
  `value_severity` varchar(100) CHARACTER SET utf8 NOT NULL,
  `subscription_id` VARCHAR(100),
  `recurrence_seconds` INT,
  FOREIGN KEY (`value_category`) references category(`value`),
  FOREIGN KEY (`value_subcategory`) references subcategory(`value`),
  FOREIGN KEY (`value_severity`) references severity(`value`),
  PRIMARY KEY (`id`));